cropname,statename,cropyear,seasonname,Area (Lakh Ha),Production (Lakh Tonnes),Yield (Kg/Ha),Source
Bajra,Maharashtra,1966-67,Total,17.27,4.04,234.0,DA&FW
Bajra,Maharashtra,1967-68,Total,18.21,4.93,271.0,DA&FW
Bajra,Maharashtra,1968-69,Total,18.91,5.98,316.0,DA&FW
Bajra,Maharashtra,1969-70,Total,22.57,7.63,338.0,DA&FW
Bajra,Maharashtra,1970-71,Total,19.29,7.88,408.0,DA&FW
Bajra,Maharashtra,1971-72,Total,11.35,2.39,211.0,DA&FW
Bajra,Maharashtra,1972-73,Total,12.78,2.04,160.0,DA&FW
Bajra,Maharashtra,1973-74,Total,22.39,8.57,383.0,DA&FW
Bajra,Maharashtra,1974-75,Total,19.05,5.87,308.0,DA&FW
Bajra,Maharashtra,1975-76,Total,18.53,5.81,314.0,DA&FW
Bajra,Maharashtra,1976-77,Total,17.68,6.81,385.0,DA&FW
Bajra,Maharashtra,1977-78,Total,17.59,6.49,369.0,DA&FW
Bajra,Maharashtra,1978-79,Total,15.75,5.39,342.0,DA&FW
Bajra,Maharashtra,1979-80,Total,14.28,6.07,425.0,DA&FW
Bajra,Maharashtra,1980-81,Total,17.09,7.6,445.0,DA&FW
Bajra,Maharashtra,1981-82,Total,17.44,7.79,447.0,DA&FW
Bajra,Maharashtra,1982-83,Total,13.9,4.45,320.0,DA&FW
Bajra,Maharashtra,1983-84,Total,18.13,9.08,501.0,DA&FW
Bajra,Maharashtra,1984-85,Total,17.61,5.66,321.0,DA&FW
Bajra,Maharashtra,1985-86,Total,17.03,4.2,247.0,DA&FW
Bajra,Maharashtra,1986-87,Total,17.34,4.65,268.0,DA&FW
Bajra,Maharashtra,1987-88,Total,18.15,9.1,501.0,DA&FW
Bajra,Maharashtra,1988-89,Total,19.64,9.01,459.0,DA&FW
Bajra,Maharashtra,1989-90,Total,19.13,12.05,630.0,DA&FW
Bajra,Maharashtra,1990-91,Total,19.27,11.14,578.0,DA&FW
Bajra,Maharashtra,1991-92,Total,19.11,8.98,470.0,DA&FW
Bajra,Maharashtra,1992-93,Total,19.08,17.8,933.0,DA&FW
Bajra,Maharashtra,1993-94,Total,17.91,12.1,676.0,DA&FW
Bajra,Maharashtra,1994-95,Total,17.66,11.13,630.0,DA&FW
Bajra,Maharashtra,1995-96,Total,16.65,9.65,580.0,DA&FW
Bajra,Maharashtra,1996-97,Total,19.47,18.31,941.0,DA&FW
Bajra,Maharashtra,1997-98,Total,18.71,11.19,598.0,DA&FW
Bajra,Maharashtra,1998-99,Total,17.6,14.93,848.0,DA&FW
Bajra,Maharashtra,1999-00,Total,17.36,11.34,653.0,DA&FW
Bajra,Maharashtra,2000-01,Total,18.0,10.87,604.0,DA&FW
Bajra,Maharashtra,2001-02,Total,13.99,8.31,594.0,DA&FW
Bajra,Maharashtra,2002-03,Total,15.47,11.46,741.0,DA&FW
Bajra,Maharashtra,2003-04,Total,13.25,8.96,676.0,DA&FW
Bajra,Maharashtra,2004-05,Total,15.29,11.26,736.0,DA&FW
Bajra,Maharashtra,2005-06,Total,14.34,10.32,720.0,DA&FW
Bajra,Maharashtra,2006-07,Total,14.52,10.59,729.0,DA&FW
Bajra,Maharashtra,2007-08,Total,12.83,11.27,878.0,DA&FW
Bajra,Maharashtra,2008-09,Total,8.65,6.62,765.0,DA&FW
Bajra,Maharashtra,2009-10,Total,10.34,7.66,741.0,DA&FW
Bajra,Maharashtra,2010-11,Total,10.35,11.23,1085.0,DA&FW
Bajra,Maharashtra,2011-12,Total,8.38,8.23,982.0,DA&FW
Bajra,Maharashtra,2012-13,Total,7.88,5.02,637.0,DA&FW
Bajra,Maharashtra,2013-14,Total,7.62,7.88,1034.0,DA&FW
Bajra,Maharashtra,2014-15,Total,8.65,5.38,622.0,DA&FW
Bajra,Maharashtra,2015-16,Total,8.01,3.33,416.0,DA&FW
Bajra,Maharashtra,2016-17,Total,8.37,8.0,955.0,DA&FW
Bajra,Maharashtra,2017-18,Total,7.88,6.69,849.0,DA&FW
Bajra,Maharashtra,2018-19,Total,6.1,3.32,545.0,DA&FW
Bajra,Maharashtra,2019-20,Total,6.73,5.12,761.0,DA&FW
Bajra,Maharashtra,2020-21,Total,6.88,6.57,955.0,DA&FW
Bajra,Maharashtra,2021-22,Total,6.67,6.19,928.0,DA&FW
Bajra,Maharashtra,2022-23,Total,4.34,4.68,1079.0,DA&FW
Bajra,Maharashtra,2023-24,Total,4.04,2.46,608.0,DA&FW
Bajra,Maharashtra,2024-25,Total,4.44,5.65,1272.0,DA&FW
Bajra,Maharashtra,2025-26,Total,3.66,4.09,1116.0,DA&FW
Jowar,Maharashtra,1966-67,Total,61.31,32.08,523.0,DA&FW
Jowar,Maharashtra,1967-68,Total,62.46,33.93,543.0,DA&FW
Jowar,Maharashtra,1968-69,Total,62.9,35.49,564.0,DA&FW
Jowar,Maharashtra,1969-70,Total,60.91,32.14,528.0,DA&FW
Jowar,Maharashtra,1970-71,Total,57.84,15.91,275.0,DA&FW
Jowar,Maharashtra,1971-72,Total,61.69,19.32,313.0,DA&FW
Jowar,Maharashtra,1972-73,Total,49.94,12.46,249.0,DA&FW
Jowar,Maharashtra,1973-74,Total,61.03,28.35,465.0,DA&FW
Jowar,Maharashtra,1974-75,Total,60.57,36.52,603.0,DA&FW
Jowar,Maharashtra,1975-76,Total,61.52,34.55,562.0,DA&FW
Jowar,Maharashtra,1976-77,Total,64.39,47.1,731.0,DA&FW
Jowar,Maharashtra,1977-78,Total,66.39,51.1,770.0,DA&FW
Jowar,Maharashtra,1978-79,Total,65.24,48.81,748.0,DA&FW
Jowar,Maharashtra,1979-80,Total,68.25,54.64,801.0,DA&FW
Jowar,Maharashtra,1980-81,Total,64.38,44.28,688.0,DA&FW
Jowar,Maharashtra,1981-82,Total,65.78,48.91,744.0,DA&FW
Jowar,Maharashtra,1982-83,Total,66.47,46.53,700.0,DA&FW
Jowar,Maharashtra,1983-84,Total,65.41,46.78,715.0,DA&FW
Jowar,Maharashtra,1984-85,Total,65.62,48.02,732.0,DA&FW
Jowar,Maharashtra,1985-86,Total,66.26,39.23,592.0,DA&FW
Jowar,Maharashtra,1986-87,Total,63.35,30.92,488.0,DA&FW
Jowar,Maharashtra,1987-88,Total,66.63,59.52,893.0,DA&FW
Jowar,Maharashtra,1988-89,Total,61.85,42.78,692.0,DA&FW
Jowar,Maharashtra,1989-90,Total,64.28,66.35,1032.0,DA&FW
Jowar,Maharashtra,1990-91,Total,63.31,59.48,939.0,DA&FW
Jowar,Maharashtra,1991-92,Total,54.85,33.9,618.0,DA&FW
Jowar,Maharashtra,1992-93,Total,59.21,66.88,1129.0,DA&FW
Jowar,Maharashtra,1993-94,Total,61.65,59.76,969.0,DA&FW
Jowar,Maharashtra,1994-95,Total,53.51,45.81,856.0,DA&FW
Jowar,Maharashtra,1995-96,Total,55.57,49.4,889.0,DA&FW
Jowar,Maharashtra,1996-97,Total,56.92,62.46,1097.0,DA&FW
Jowar,Maharashtra,1997-98,Total,55.0,37.8,687.0,DA&FW
Jowar,Maharashtra,1998-99,Total,47.75,44.84,939.0,DA&FW
Jowar,Maharashtra,1999-00,Total,51.91,46.93,904.0,DA&FW
Jowar,Maharashtra,2000-01,Total,50.94,39.88,783.0,DA&FW
Jowar,Maharashtra,2001-02,Total,51.37,39.1,761.0,DA&FW
Jowar,Maharashtra,2002-03,Total,48.04,38.82,808.0,DA&FW
Jowar,Maharashtra,2003-04,Total,44.4,28.88,650.0,DA&FW
Jowar,Maharashtra,2004-05,Total,47.56,36.24,762.0,DA&FW
Jowar,Maharashtra,2005-06,Total,47.4,39.04,824.0,DA&FW
Jowar,Maharashtra,2006-07,Total,46.18,37.72,817.0,DA&FW
Jowar,Maharashtra,2007-08,Total,41.48,40.03,965.0,DA&FW
Jowar,Maharashtra,2008-09,Total,40.71,35.87,881.0,DA&FW
Jowar,Maharashtra,2009-10,Total,41.76,35.66,854.0,DA&FW
Jowar,Maharashtra,2010-11,Total,40.6,34.52,850.0,DA&FW
Jowar,Maharashtra,2011-12,Total,32.79,26.93,821.0,DA&FW
Jowar,Maharashtra,2012-13,Total,31.62,19.35,612.0,DA&FW
Jowar,Maharashtra,2013-14,Total,28.62,22.67,792.0,DA&FW
Jowar,Maharashtra,2014-15,Total,32.88,21.09,641.0,DA&FW
Jowar,Maharashtra,2015-16,Total,32.18,13.52,420.0,DA&FW
Jowar,Maharashtra,2016-17,Total,30.51,21.7,711.0,DA&FW
Jowar,Maharashtra,2017-18,Total,22.31,16.07,720.0,DA&FW
Jowar,Maharashtra,2018-19,Total,16.32,8.72,535.0,DA&FW
Jowar,Maharashtra,2019-20,Total,22.91,18.08,789.0,DA&FW
Jowar,Maharashtra,2020-21,Total,20.79,17.47,840.0,DA&FW
Jowar,Maharashtra,2021-22,Total,16.49,15.58,945.0,DA&FW
Jowar,Maharashtra,2022-23,Total,14.78,13.12,888.0,DA&FW
Jowar,Maharashtra,2023-24,Total,17.4,17.76,1020.0,DA&FW
Jowar,Maharashtra,2024-25,Total,16.91,18.45,1091.0,DA&FW
Jowar,Maharashtra,2025-26,Total,15.04,16.14,1073.0,DA&FW
Maize,Maharashtra,1966-67,Total,0.38,0.47,1234.0,DA&FW
Maize,Maharashtra,1967-68,Total,0.4,0.52,1309.0,DA&FW
Maize,Maharashtra,1968-69,Total,0.37,0.52,1381.0,DA&FW
Maize,Maharashtra,1969-70,Total,0.54,0.58,1059.0,DA&FW
Maize,Maharashtra,1970-71,Total,0.42,0.42,998.0,DA&FW
Maize,Maharashtra,1971-72,Total,0.26,0.18,697.0,DA&FW
Maize,Maharashtra,1972-73,Total,0.21,0.16,745.0,DA&FW
Maize,Maharashtra,1973-74,Total,0.46,0.39,848.0,DA&FW
Maize,Maharashtra,1974-75,Total,0.49,0.42,846.0,DA&FW
Maize,Maharashtra,1975-76,Total,0.61,0.89,1449.0,DA&FW
Maize,Maharashtra,1976-77,Total,0.62,1.13,1831.0,DA&FW
Maize,Maharashtra,1977-78,Total,0.65,1.07,1639.0,DA&FW
Maize,Maharashtra,1978-79,Total,0.69,1.21,1758.0,DA&FW
Maize,Maharashtra,1979-80,Total,0.72,1.16,1624.0,DA&FW
Maize,Maharashtra,1980-81,Total,0.86,1.52,1775.0,DA&FW
Maize,Maharashtra,1981-82,Total,0.74,1.26,1694.0,DA&FW
Maize,Maharashtra,1982-83,Total,0.77,1.08,1397.0,DA&FW
Maize,Maharashtra,1983-84,Total,0.97,1.46,1500.0,DA&FW
Maize,Maharashtra,1984-85,Total,0.85,1.17,1373.0,DA&FW
Maize,Maharashtra,1985-86,Total,0.77,1.03,1336.0,DA&FW
Maize,Maharashtra,1986-87,Total,0.84,0.78,928.0,DA&FW
Maize,Maharashtra,1987-88,Total,0.97,1.2,1244.0,DA&FW
Maize,Maharashtra,1988-89,Total,1.14,1.4,1230.0,DA&FW
Maize,Maharashtra,1989-90,Total,0.94,1.05,1123.0,DA&FW
Maize,Maharashtra,1990-91,Total,1.09,1.35,1244.0,DA&FW
Maize,Maharashtra,1991-92,Total,1.17,1.29,1105.0,DA&FW
Maize,Maharashtra,1992-93,Total,1.76,2.76,1567.0,DA&FW
Maize,Maharashtra,1993-94,Total,2.3,3.9,1692.0,DA&FW
Maize,Maharashtra,1994-95,Total,2.46,3.78,1535.0,DA&FW
Maize,Maharashtra,1995-96,Total,2.32,3.38,1455.0,DA&FW
Maize,Maharashtra,1996-97,Total,3.32,5.03,1516.0,DA&FW
Maize,Maharashtra,1997-98,Total,2.41,2.98,1237.0,DA&FW
Maize,Maharashtra,1998-99,Total,2.78,5.11,1837.0,DA&FW
Maize,Maharashtra,1999-00,Total,2.81,4.33,1541.0,DA&FW
Maize,Maharashtra,2000-01,Total,3.3,3.03,920.0,DA&FW
Maize,Maharashtra,2001-02,Total,3.26,5.87,1804.0,DA&FW
Maize,Maharashtra,2002-03,Total,3.71,7.44,2005.0,DA&FW
Maize,Maharashtra,2003-04,Total,3.69,7.52,2038.0,DA&FW
Maize,Maharashtra,2004-05,Total,4.28,7.53,1759.0,DA&FW
Maize,Maharashtra,2005-06,Total,4.73,9.96,2106.0,DA&FW
Maize,Maharashtra,2006-07,Total,5.8,11.5,1983.0,DA&FW
Maize,Maharashtra,2007-08,Total,6.72,17.9,2664.0,DA&FW
Maize,Maharashtra,2008-09,Total,6.55,15.6,2382.0,DA&FW
Maize,Maharashtra,2009-10,Total,7.94,18.28,2302.0,DA&FW
Maize,Maharashtra,2010-11,Total,8.91,26.02,2920.0,DA&FW
Maize,Maharashtra,2011-12,Total,8.81,24.33,2762.0,DA&FW
Maize,Maharashtra,2012-13,Total,8.22,18.24,2219.0,DA&FW
Maize,Maharashtra,2013-14,Total,10.01,27.29,2727.0,DA&FW
Maize,Maharashtra,2014-15,Total,10.77,22.02,2045.0,DA&FW
Maize,Maharashtra,2015-16,Total,10.67,18.26,1712.0,DA&FW
Maize,Maharashtra,2016-17,Total,11.48,34.53,3009.0,DA&FW
Maize,Maharashtra,2017-18,Total,10.64,30.51,2868.0,DA&FW
Maize,Maharashtra,2018-19,Total,9.27,17.66,1906.0,DA&FW
Maize,Maharashtra,2019-20,Total,11.27,19.6,1740.0,DA&FW
Maize,Maharashtra,2020-21,Total,11.82,35.2,2978.0,DA&FW
Maize,Maharashtra,2021-22,Total,12.51,35.85,2865.0,DA&FW
Maize,Maharashtra,2022-23,Total,13.45,39.19,2913.0,DA&FW
Maize,Maharashtra,2023-24,Total,13.26,24.5,1847.0,DA&FW
Maize,Maharashtra,2024-25,Total,16.25,47.49,2922.0,DA&FW
Maize,Maharashtra,2025-26,Total,22.18,56.97,2569.0,DA&FW
Ragi,Maharashtra,1966-67,Total,2.22,1.45,653.0,DA&FW
Ragi,Maharashtra,1967-68,Total,2.18,1.77,812.0,DA&FW
Ragi,Maharashtra,1968-69,Total,2.23,1.93,865.0,DA&FW
Ragi,Maharashtra,1969-70,Total,2.21,1.3,588.0,DA&FW
Ragi,Maharashtra,1970-71,Total,2.23,1.93,866.0,DA&FW
Ragi,Maharashtra,1971-72,Total,2.2,1.75,792.0,DA&FW
Ragi,Maharashtra,1972-73,Total,1.95,0.85,433.0,DA&FW
Ragi,Maharashtra,1973-74,Total,1.97,1.94,983.0,DA&FW
Ragi,Maharashtra,1974-75,Total,2.09,1.8,860.0,DA&FW
Ragi,Maharashtra,1975-76,Total,2.11,1.88,892.0,DA&FW
Ragi,Maharashtra,1976-77,Total,2.2,1.75,798.0,DA&FW
Ragi,Maharashtra,1977-78,Total,2.24,1.72,770.0,DA&FW
Ragi,Maharashtra,1978-79,Total,2.23,2.01,900.0,DA&FW
Ragi,Maharashtra,1979-80,Total,2.2,2.02,918.0,DA&FW
Ragi,Maharashtra,1980-81,Total,2.21,2.1,947.0,DA&FW
Ragi,Maharashtra,1981-82,Total,2.25,2.28,1012.0,DA&FW
Ragi,Maharashtra,1982-83,Total,2.26,2.15,952.0,DA&FW
Ragi,Maharashtra,1983-84,Total,2.28,2.41,1056.0,DA&FW
Ragi,Maharashtra,1984-85,Total,2.27,2.62,1152.0,DA&FW
Ragi,Maharashtra,1985-86,Total,2.22,2.61,1178.0,DA&FW
Ragi,Maharashtra,1986-87,Total,2.21,1.49,674.0,DA&FW
Ragi,Maharashtra,1987-88,Total,2.14,2.09,978.0,DA&FW
Ragi,Maharashtra,1988-89,Total,2.05,2.27,1109.0,DA&FW
Ragi,Maharashtra,1989-90,Total,2.07,2.17,1050.0,DA&FW
Ragi,Maharashtra,1990-91,Total,2.08,2.14,1030.0,DA&FW
Ragi,Maharashtra,1991-92,Total,2.05,1.88,919.0,DA&FW
Ragi,Maharashtra,1992-93,Total,1.94,2.08,1070.0,DA&FW
Ragi,Maharashtra,1993-94,Total,1.66,1.74,1050.0,DA&FW
Ragi,Maharashtra,1994-95,Total,1.63,1.77,1083.0,DA&FW
Ragi,Maharashtra,1995-96,Total,1.53,1.61,1050.0,DA&FW
Ragi,Maharashtra,1996-97,Total,1.51,1.53,1013.0,DA&FW
Ragi,Maharashtra,1997-98,Total,1.57,1.47,937.0,DA&FW
Ragi,Maharashtra,1998-99,Total,1.57,1.59,1013.0,DA&FW
Ragi,Maharashtra,1999-00,Total,1.56,1.68,1075.0,DA&FW
Ragi,Maharashtra,2000-01,Total,1.55,1.29,830.0,DA&FW
Ragi,Maharashtra,2001-02,Total,1.51,1.82,1205.0,DA&FW
Ragi,Maharashtra,2002-03,Total,1.46,1.24,849.0,DA&FW
Ragi,Maharashtra,2003-04,Total,1.47,1.7,1156.0,DA&FW
Ragi,Maharashtra,2004-05,Total,1.45,1.47,1014.0,DA&FW
Ragi,Maharashtra,2005-06,Total,1.36,1.32,971.0,DA&FW
Ragi,Maharashtra,2006-07,Total,1.36,1.23,904.0,DA&FW
Ragi,Maharashtra,2007-08,Total,1.28,1.24,969.0,DA&FW
Ragi,Maharashtra,2008-09,Total,1.26,1.25,992.0,DA&FW
Ragi,Maharashtra,2009-10,Total,1.2,1.09,908.0,DA&FW
Ragi,Maharashtra,2010-11,Total,1.2,1.17,975.0,DA&FW
Ragi,Maharashtra,2011-12,Total,1.3,1.38,1062.0,DA&FW
Ragi,Maharashtra,2012-13,Total,1.25,1.39,1112.0,DA&FW
Ragi,Maharashtra,2013-14,Total,1.26,1.42,1127.0,DA&FW
Ragi,Maharashtra,2014-15,Total,1.12,1.19,1063.0,DA&FW
Ragi,Maharashtra,2015-16,Total,0.92,0.93,1011.0,DA&FW
Ragi,Maharashtra,2016-17,Total,0.93,1.11,1198.0,DA&FW
Ragi,Maharashtra,2017-18,Total,0.93,1.06,1145.0,DA&FW
Ragi,Maharashtra,2018-19,Total,0.8,0.93,1164.0,DA&FW
Ragi,Maharashtra,2019-20,Total,0.82,0.87,1061.0,DA&FW
Ragi,Maharashtra,2020-21,Total,0.82,0.94,1151.0,DA&FW
Ragi,Maharashtra,2021-22,Total,0.81,1.03,1263.0,DA&FW
Ragi,Maharashtra,2022-23,Total,0.69,0.91,1327.0,DA&FW
Ragi,Maharashtra,2023-24,Total,0.69,1.13,1635.0,DA&FW
Ragi,Maharashtra,2024-25,Total,0.69,0.96,1397.0,DA&FW
Ragi,Maharashtra,2025-26,Total,0.6,0.82,1376.0,DA&FW
Rice,Maharashtra,1966-67,Total,13.46,10.65,791.0,DA&FW
Rice,Maharashtra,1967-68,Total,13.67,14.37,1051.0,DA&FW
Rice,Maharashtra,1968-69,Total,13.72,13.69,998.0,DA&FW
Rice,Maharashtra,1969-70,Total,13.92,14.31,1028.0,DA&FW
Rice,Maharashtra,1970-71,Total,13.56,16.63,1227.0,DA&FW
Rice,Maharashtra,1971-72,Total,13.32,13.69,1028.0,DA&FW
Rice,Maharashtra,1972-73,Total,12.85,7.46,580.0,DA&FW
Rice,Maharashtra,1973-74,Total,13.58,16.0,1179.0,DA&FW
Rice,Maharashtra,1974-75,Total,13.08,13.99,1069.0,DA&FW
Rice,Maharashtra,1975-76,Total,14.17,22.55,1592.0,DA&FW
Rice,Maharashtra,1976-77,Total,14.83,20.03,1351.0,DA&FW
Rice,Maharashtra,1977-78,Total,14.99,23.44,1563.0,DA&FW
Rice,Maharashtra,1978-79,Total,14.98,22.01,1469.0,DA&FW
Rice,Maharashtra,1979-80,Total,14.85,18.29,1231.0,DA&FW
Rice,Maharashtra,1980-81,Total,15.04,23.61,1570.0,DA&FW
Rice,Maharashtra,1981-82,Total,15.15,24.35,1607.0,DA&FW
Rice,Maharashtra,1982-83,Total,14.86,19.49,1311.0,DA&FW
Rice,Maharashtra,1983-84,Total,15.21,24.61,1617.0,DA&FW
Rice,Maharashtra,1984-85,Total,15.2,19.36,1274.0,DA&FW
Rice,Maharashtra,1985-86,Total,15.41,21.82,1416.0,DA&FW
Rice,Maharashtra,1986-87,Total,15.27,17.52,1147.0,DA&FW
Rice,Maharashtra,1987-88,Total,13.7,17.13,1250.0,DA&FW
Rice,Maharashtra,1988-89,Total,15.45,26.52,1716.0,DA&FW
Rice,Maharashtra,1989-90,Total,15.2,23.19,1526.0,DA&FW
Rice,Maharashtra,1990-91,Total,15.81,23.14,1463.0,DA&FW
Rice,Maharashtra,1991-92,Total,15.72,21.0,1336.0,DA&FW
Rice,Maharashtra,1992-93,Total,15.43,23.64,1532.0,DA&FW
Rice,Maharashtra,1993-94,Total,15.5,24.84,1602.0,DA&FW
Rice,Maharashtra,1994-95,Total,15.38,23.97,1558.0,DA&FW
Rice,Maharashtra,1995-96,Total,15.17,25.63,1689.0,DA&FW
Rice,Maharashtra,1996-97,Total,14.78,26.14,1769.0,DA&FW
Rice,Maharashtra,1997-98,Total,14.77,24.15,1635.0,DA&FW
Rice,Maharashtra,1998-99,Total,14.83,24.68,1664.0,DA&FW
Rice,Maharashtra,1999-00,Total,15.2,25.59,1684.0,DA&FW
Rice,Maharashtra,2000-01,Total,15.11,19.29,1276.0,DA&FW
Rice,Maharashtra,2001-02,Total,15.14,26.51,1751.0,DA&FW
Rice,Maharashtra,2002-03,Total,15.23,18.54,1217.0,DA&FW
Rice,Maharashtra,2003-04,Total,15.3,28.35,1853.0,DA&FW
Rice,Maharashtra,2004-05,Total,15.19,21.64,1425.0,DA&FW
Rice,Maharashtra,2005-06,Total,15.15,26.95,1779.0,DA&FW
Rice,Maharashtra,2006-07,Total,15.29,25.69,1680.0,DA&FW
Rice,Maharashtra,2007-08,Total,15.74,29.96,1903.0,DA&FW
Rice,Maharashtra,2008-09,Total,15.22,22.84,1501.0,DA&FW
Rice,Maharashtra,2009-10,Total,14.7,21.83,1485.0,DA&FW
Rice,Maharashtra,2010-11,Total,15.18,26.96,1776.0,DA&FW
Rice,Maharashtra,2011-12,Total,15.43,28.41,1841.0,DA&FW
Rice,Maharashtra,2012-13,Total,15.57,30.57,1963.0,DA&FW
Rice,Maharashtra,2013-14,Total,16.13,31.2,1934.0,DA&FW
Rice,Maharashtra,2014-15,Total,15.51,29.46,1899.0,DA&FW
Rice,Maharashtra,2015-16,Total,15.03,25.93,1725.0,DA&FW
Rice,Maharashtra,2016-17,Total,15.35,31.1,2025.0,DA&FW
Rice,Maharashtra,2017-18,Total,14.51,27.31,1882.0,DA&FW
Rice,Maharashtra,2018-19,Total,14.65,32.76,2236.0,DA&FW
Rice,Maharashtra,2019-20,Total,15.53,28.98,1866.0,DA&FW
Rice,Maharashtra,2020-21,Total,15.61,32.92,2109.0,DA&FW
Rice,Maharashtra,2021-22,Total,16.52,35.98,2178.0,DA&FW
Rice,Maharashtra,2022-23,Total,17.18,38.99,2269.0,DA&FW
Rice,Maharashtra,2023-24,Total,16.93,39.0,2304.0,DA&FW
Rice,Maharashtra,2024-25,Total,16.82,38.67,2299.0,DA&FW
Rice,Maharashtra,2025-26,Total,16.87,34.0,2016.0,DA&FW
Wheat,Maharashtra,1966-67,Total,8.76,3.67,418.0,DA&FW
Wheat,Maharashtra,1967-68,Total,8.91,3.6,404.0,DA&FW
Wheat,Maharashtra,1968-69,Total,8.73,4.28,490.0,DA&FW
Wheat,Maharashtra,1969-70,Total,8.65,3.91,451.0,DA&FW
Wheat,Maharashtra,1970-71,Total,8.82,4.51,511.0,DA&FW
Wheat,Maharashtra,1971-72,Total,10.09,5.03,498.0,DA&FW
Wheat,Maharashtra,1972-73,Total,6.91,2.49,360.0,DA&FW
Wheat,Maharashtra,1973-74,Total,9.23,5.14,557.0,DA&FW
Wheat,Maharashtra,1974-75,Total,9.42,7.76,824.0,DA&FW
Wheat,Maharashtra,1975-76,Total,11.83,12.6,1065.0,DA&FW
Wheat,Maharashtra,1976-77,Total,11.88,9.38,789.0,DA&FW
Wheat,Maharashtra,1977-78,Total,12.15,9.62,792.0,DA&FW
Wheat,Maharashtra,1978-79,Total,11.87,9.51,802.0,DA&FW
Wheat,Maharashtra,1979-80,Total,11.64,10.06,864.0,DA&FW
Wheat,Maharashtra,1980-81,Total,10.79,9.31,863.0,DA&FW
Wheat,Maharashtra,1981-82,Total,11.28,9.89,876.0,DA&FW
Wheat,Maharashtra,1982-83,Total,10.23,8.03,785.0,DA&FW
Wheat,Maharashtra,1983-84,Total,11.83,11.42,965.0,DA&FW
Wheat,Maharashtra,1984-85,Total,9.89,8.57,866.0,DA&FW
Wheat,Maharashtra,1985-86,Total,8.82,6.44,731.0,DA&FW
Wheat,Maharashtra,1986-87,Total,7.36,5.36,729.0,DA&FW
Wheat,Maharashtra,1987-88,Total,7.33,6.33,864.0,DA&FW
Wheat,Maharashtra,1988-89,Total,8.79,10.43,1187.0,DA&FW
Wheat,Maharashtra,1989-90,Total,8.42,9.07,1077.0,DA&FW
Wheat,Maharashtra,1990-91,Total,8.73,9.19,1052.0,DA&FW
Wheat,Maharashtra,1991-92,Total,6.28,6.26,997.0,DA&FW
Wheat,Maharashtra,1992-93,Total,6.8,7.98,1174.0,DA&FW
Wheat,Maharashtra,1993-94,Total,7.53,10.56,1402.0,DA&FW
Wheat,Maharashtra,1994-95,Total,7.67,11.11,1449.0,DA&FW
Wheat,Maharashtra,1995-96,Total,7.02,8.98,1279.0,DA&FW
Wheat,Maharashtra,1996-97,Total,7.99,11.67,1460.0,DA&FW
Wheat,Maharashtra,1997-98,Total,7.47,6.71,898.0,DA&FW
Wheat,Maharashtra,1998-99,Total,10.16,13.09,1289.0,DA&FW
Wheat,Maharashtra,1999-00,Total,10.49,14.36,1369.0,DA&FW
Wheat,Maharashtra,2000-01,Total,7.54,9.48,1257.0,DA&FW
Wheat,Maharashtra,2001-02,Total,7.76,10.77,1388.0,DA&FW
Wheat,Maharashtra,2002-03,Total,7.6,9.84,1295.0,DA&FW
Wheat,Maharashtra,2003-04,Total,6.65,7.78,1170.0,DA&FW
Wheat,Maharashtra,2004-05,Total,7.56,10.16,1344.0,DA&FW
Wheat,Maharashtra,2005-06,Total,9.33,13.0,1393.0,DA&FW
Wheat,Maharashtra,2006-07,Total,12.31,16.31,1325.0,DA&FW
Wheat,Maharashtra,2007-08,Total,12.53,20.79,1659.0,DA&FW
Wheat,Maharashtra,2008-09,Total,10.22,15.16,1483.0,DA&FW
Wheat,Maharashtra,2009-10,Total,10.81,17.4,1610.0,DA&FW
Wheat,Maharashtra,2010-11,Total,13.07,23.01,1761.0,DA&FW
Wheat,Maharashtra,2011-12,Total,8.43,13.13,1558.0,DA&FW
Wheat,Maharashtra,2012-13,Total,7.73,11.81,1528.0,DA&FW
Wheat,Maharashtra,2013-14,Total,10.97,16.02,1460.0,DA&FW
Wheat,Maharashtra,2014-15,Total,10.67,13.08,1226.0,DA&FW
Wheat,Maharashtra,2015-16,Total,9.11,9.81,1077.0,DA&FW
Wheat,Maharashtra,2016-17,Total,12.72,18.75,1474.0,DA&FW
Wheat,Maharashtra,2017-18,Total,10.24,16.97,1657.0,DA&FW
Wheat,Maharashtra,2018-19,Total,8.34,12.49,1497.0,DA&FW
Wheat,Maharashtra,2019-20,Total,10.57,17.94,1697.0,DA&FW
Wheat,Maharashtra,2020-21,Total,11.26,20.71,1839.0,DA&FW
Wheat,Maharashtra,2021-22,Total,11.32,21.44,1894.0,DA&FW
Wheat,Maharashtra,2022-23,Total,12.19,23.74,1948.0,DA&FW
Wheat,Maharashtra,2023-24,Total,10.47,19.88,1899.0,DA&FW
Wheat,Maharashtra,2024-25,Total,11.89,22.86,1922.0,DA&FW
Wheat,Maharashtra,2025-26,Total,12.14,23.88,1967.0,DA&FW
