State,District,Year,Wheat,,
,,,Rabi,,
,,,Area (Hectare),Production (Tonnes),Yield (Tonne/Hectare)
1. Maharashtra,1. Ahilyanagar,2013 - 2014,51900,100700,1.94
,,2014 - 2015,57200,85000,1.49
,,2015 - 2016,41100,50100,1.22
,,2016 - 2017,60000,127200,2.12
,,2017 - 2018,79800,177500,2.22
,,2018 - 2019,46190,87700,1.9
,,2019 - 2020,67727,142189,2.1
,,2020 - 2021,73932.09,150813.18,2.04
,,2021 - 2022,67845.25,152820.07,2.25
,,2022 - 2023,85790.86,191159.19,2.23
,2. Akola,2013 - 2014,19900,25200,1.27
,,2014 - 2015,18300,25800,1.41
,,2015 - 2016,14800,17700,1.2
,,2016 - 2017,16700,27500,1.65
,,2017 - 2018,15600,24500,1.57
,,2018 - 2019,20600,27300,1.33
,,2019 - 2020,24015,31025,1.29
,,2020 - 2021,27863.42,39939.7,1.43
,,2021 - 2022,30006.49,50269.87,1.68
,,2022 - 2023,32482.56,56821.74,1.75
,3. Amravati,2013 - 2014,42000,65000,1.55
,,2014 - 2015,66400,87200,1.31
,,2015 - 2016,68000,69300,1.02
,,2016 - 2017,73600,111900,1.52
,,2017 - 2018,39300,69400,1.77
,,2018 - 2019,26880,40000,1.49
,,2019 - 2020,43046,74766,1.74
,,2020 - 2021,43045.9,72173.44,1.68
,,2021 - 2022,41749.96,68090.01,1.63
,,2022 - 2023,44665.11,71245.32,1.6
,4. Beed,2013 - 2014,57800,57100,0.99
,,2014 - 2015,59100,40000,0.68
,,2015 - 2016,48000,13200,0.28
,,2016 - 2017,47200,79430,1.68
,,2017 - 2018,53900,57590,1.07
,,2018 - 2019,7170,5200,0.73
,,2019 - 2020,20590,26625,1.29
,,2020 - 2021,20589.78,44084.83,2.14
,,2021 - 2022,20589.78,40039.92,1.94
,,2022 - 2023,57983,124072.02,2.14
,5. Bhandara,2013 - 2014,11900,13600,1.14
,,2014 - 2015,11400,13900,1.22
,,2015 - 2016,10900,12000,1.1
,,2016 - 2017,10900,13800,1.27
,,2017 - 2018,10171,12700,1.25
,,2018 - 2019,9990,13800,1.38
,,2019 - 2020,9971,12096,1.21
,,2020 - 2021,10436.8,13848.95,1.33
,,2021 - 2022,9996.96,12690.04,1.27
,,2022 - 2023,10685.2,14478.45,1.36
,6. Buldhana,2013 - 2014,59000,73900,1.25
,,2014 - 2015,73500,95500,1.3
,,2015 - 2016,60100,48800,0.81
,,2016 - 2017,103880,162400,1.56
,,2017 - 2018,35920,56300,1.57
,,2018 - 2019,27400,32100,1.17
,,2019 - 2020,45555,84916,1.86
,,2020 - 2021,55560.18,112018.24,2.02
,,2021 - 2022,61964.68,168480.11,2.72
,,2022 - 2023,70773.35,133188.37,1.88
,7. Chandrapur,2013 - 2014,25600,28600,1.12
,,2014 - 2015,24200,17800,0.74
,,2015 - 2016,20800,16200,0.78
,,2016 - 2017,19900,25000,1.26
,,2017 - 2018,18124,20300,1.12
,,2018 - 2019,17420,23000,1.32
,,2019 - 2020,17422,12553,0.72
,,2020 - 2021,18162.18,20166.74,1.11
,,2021 - 2022,18463.38,23990.02,1.3
,,2022 - 2023,19718.22,29963.81,1.52
,8. Chhatrapati Sambhajinagar,2013 - 2014,35400,54200,1.53
,,2014 - 2015,35400,33900,0.96
,,2015 - 2016,32200,33300,1.03
,,2016 - 2017,64500,135400,2.1
,,2017 - 2018,69900,115000,1.65
,,2018 - 2019,28880,37300,1.29
,,2019 - 2020,32760,69221,2.11
,,2020 - 2021,47569.98,88209.42,1.85
,,2021 - 2022,47569.97,89950.06,1.89
,,2022 - 2023,44924.32,70616.54,1.57
,9. Dharashiv,2013 - 2014,26700,41200,1.54
,,2014 - 2015,24100,7100,0.29
,,2015 - 2016,10900,3100,0.28
,,2016 - 2017,14600,11100,0.76
,,2017 - 2018,30300,19400,0.64
,,2018 - 2019,19580,15000,0.77
,,2019 - 2020,24572,13769,0.56
,,2020 - 2021,28286.74,43420.44,1.54
,,2021 - 2022,28375.82,27050.1,0.95
,,2022 - 2023,33447.78,51987.88,1.55
,10. Dhule,2013 - 2014,47200,77500,1.64
,,2014 - 2015,36000,65700,1.83
,,2015 - 2016,46700,74900,1.6
,,2016 - 2017,40400,87300,2.16
,,2017 - 2018,52896,116900,2.21
,,2018 - 2019,46520,80600,1.73
,,2019 - 2020,54078,133700,2.47
,,2020 - 2021,58318.3,96324.99,1.65
,,2021 - 2022,61801.54,100169.79,1.62
,,2022 - 2023,58452.51,96294.67,1.65
,11. Gadchiroli,2013 - 2014,500,700,1.4
,,2014 - 2015,1200,1200,1
,,2015 - 2016,1000,700,0.7
,,2016 - 2017,900,1300,1.44
,,2017 - 2018,533,600,1.13
,,2018 - 2019,430,500,1.16
,,2019 - 2020,607,436,0.72
,,2020 - 2021,570.94,353.87,0.62
,,2021 - 2022,598.59,660,1.1
,,2022 - 2023,438.04,579.62,1.32
,12. Gondia,2013 - 2014,1700,1100,0.65
,,2014 - 2015,2400,1500,0.63
,,2015 - 2016,2200,1400,0.64
,,2016 - 2017,2000,2100,1.05
,,2017 - 2018,3016,2400,0.8
,,2018 - 2019,2540,3100,1.22
,,2019 - 2020,3032,1690,0.56
,,2020 - 2021,2635.42,2008.73,0.76
,,2021 - 2022,2415.72,2930,1.21
,,2022 - 2023,2603.49,2911.74,1.12
,13. Hingoli,2013 - 2014,77200,74200,0.96
,,2014 - 2015,49500,33000,0.67
,,2015 - 2016,26200,16100,0.61
,,2016 - 2017,31800,49900,1.57
,,2017 - 2018,29700,34500,1.16
,,2018 - 2019,27100,35300,1.3
,,2019 - 2020,36557,28835,0.79
,,2020 - 2021,33529.33,52475.04,1.57
,,2021 - 2022,30677.44,45740.06,1.49
,,2022 - 2023,29966.96,51312.43,1.71
,14. Jalgaon,2013 - 2014,25300,64800,2.56
,,2014 - 2015,49600,81100,1.64
,,2015 - 2016,42300,63500,1.5
,,2016 - 2017,52700,106100,2.01
,,2017 - 2018,51014,97300,1.91
,,2018 - 2019,41540,55500,1.34
,,2019 - 2020,77133,190532,2.47
,,2020 - 2021,81020.76,144857.52,1.79
,,2021 - 2022,79731.24,122840.33,1.54
,,2022 - 2023,79887.65,166773.46,2.09
,15. Jalna,2013 - 2014,9800,13700,1.4
,,2014 - 2015,1900,1500,0.79
,,2015 - 2016,11600,8300,0.72
,,2016 - 2017,39100,63000,1.61
,,2017 - 2018,33200,38600,1.16
,,2018 - 2019,14730,15500,1.05
,,2019 - 2020,18162,29023,1.6
,,2020 - 2021,23879.33,41767.15,1.75
,,2021 - 2022,24166.43,44840.09,1.86
,,2022 - 2023,26697.9,54469.06,2.04
,16. Kolhapur,2013 - 2014,16600,41700,2.51
,,2014 - 2015,6800,15100,2.22
,,2015 - 2016,2000,4500,2.25
,,2016 - 2017,4300,9700,2.26
,,2017 - 2018,2800,6500,2.32
,,2018 - 2019,3340,8200,2.46
,,2019 - 2020,3398,8001,2.35
,,2020 - 2021,1581.35,3667.14,2.32
,,2021 - 2022,1531.41,4000,2.61
,,2022 - 2023,1801.8,5249.36,2.91
,17. Latur,2013 - 2014,35200,44900,1.28
,,2014 - 2015,47200,10800,0.23
,,2015 - 2016,33200,10200,0.31
,,2016 - 2017,68600,97400,1.42
,,2017 - 2018,16800,11600,0.69
,,2018 - 2019,8720,3300,0.38
,,2019 - 2020,9033,5834,0.65
,,2020 - 2021,11992.15,18826.36,1.57
,,2021 - 2022,14749.25,17939.96,1.22
,,2022 - 2023,15985.84,21695.98,1.36
,18. Nagpur,2013 - 2014,86200,83100,0.96
,,2014 - 2015,88500,110600,1.25
,,2015 - 2016,92600,93900,1.01
,,2016 - 2017,135900,232600,1.71
,,2017 - 2018,135203,244400,1.81
,,2018 - 2019,127830,215400,1.69
,,2019 - 2020,111308,157054,1.41
,,2020 - 2021,115402.64,245743.16,2.13
,,2021 - 2022,116990.8,290409.77,2.48
,,2022 - 2023,117548.73,224306.49,1.91
,19. Nanded,2013 - 2014,38900,43800,1.13
,,2014 - 2015,39500,29200,0.74
,,2015 - 2016,22300,10100,0.45
,,2016 - 2017,60600,75700,1.25
,,2017 - 2018,46100,46000,1
,,2018 - 2019,20190,36900,1.83
,,2019 - 2020,22917,20915,0.91
,,2020 - 2021,25548.79,38396.93,1.5
,,2021 - 2022,24431.54,33759.99,1.38
,,2022 - 2023,26961.59,37862.16,1.4
,20. Nandurbar,2013 - 2014,21500,45800,2.13
,,2014 - 2015,21900,39100,1.79
,,2015 - 2016,19800,33100,1.67
,,2016 - 2017,18400,37700,2.05
,,2017 - 2018,22765,42800,1.88
,,2018 - 2019,21860,37500,1.72
,,2019 - 2020,26283,75033,2.85
,,2020 - 2021,27830.39,59385.38,2.13
,,2021 - 2022,23635.87,38179.97,1.62
,,2022 - 2023,26783.15,70212.03,2.62
,21. Nashik,2013 - 2014,65900,111900,1.7
,,2014 - 2015,72400,111200,1.54
,,2015 - 2016,60000,81100,1.35
,,2016 - 2017,79200,177600,2.24
,,2017 - 2018,112458,223600,1.99
,,2018 - 2019,63550,111700,1.76
,,2019 - 2020,82459,210563,2.55
,,2020 - 2021,86328.16,167199.07,1.94
,,2021 - 2022,85635.85,166600.26,1.95
,,2022 - 2023,75975.55,193456.54,2.55
,22. Palghar,2015 - 2016,42,40,0.95
,,2016 - 2017,35,100,2.86
,,2017 - 2018,15,21,1.4
,,2018 - 2019,10,7,0.7
,,2019 - 2020,10,29,2.9
,,2020 - 2021,22.3,27.14,1.22
,,2021 - 2022,22.3,31.23,1.4
,,2022 - 2023,12,24.16,2.01
,23. Parbhani,2013 - 2014,20900,23300,1.11
,,2014 - 2015,22300,18800,0.84
,,2015 - 2016,13400,5800,0.43
,,2016 - 2017,30190,47900,1.59
,,2017 - 2018,37300,35600,0.95
,,2018 - 2019,23650,30700,1.3
,,2019 - 2020,42037,43104,1.03
,,2020 - 2021,42037,81048.53,1.93
,,2021 - 2022,45028.22,79699.95,1.77
,,2022 - 2023,33126,61041.28,1.84
,24. Pune,2013 - 2014,64300,129900,2.02
,,2014 - 2015,71800,108300,1.51
,,2015 - 2016,62000,129600,2.09
,,2016 - 2017,68900,165200,2.4
,,2017 - 2018,72400,177200,2.45
,,2018 - 2019,55330,110800,2
,,2019 - 2020,40924,84560,2.07
,,2020 - 2021,43160.1,90131.16,2.09
,,2021 - 2022,45702.83,96090.2,2.1
,,2022 - 2023,47687.58,116262.32,2.44
,25. Raigad,2015 - 2016,10,9,0.9
,26. Sangli,2013 - 2014,26200,51500,1.97
,,2014 - 2015,32500,70900,2.18
,,2015 - 2016,19200,32400,1.69
,,2016 - 2017,25600,63600,2.48
,,2017 - 2018,25100,49800,1.98
,,2018 - 2019,13550,30900,2.28
,,2019 - 2020,28867,49228,1.71
,,2020 - 2021,24667.07,55117.89,2.23
,,2021 - 2022,20235.26,43759.96,2.16
,,2022 - 2023,20124.21,45490.78,2.26
,27. Satara,2013 - 2014,33800,62200,1.84
,,2014 - 2015,38300,61400,1.6
,,2015 - 2016,29700,49000,1.65
,,2016 - 2017,35600,71200,2
,,2017 - 2018,37200,75100,2.02
,,2018 - 2019,34140,70500,2.07
,,2019 - 2020,37755,74506,1.97
,,2020 - 2021,35435.63,76780.86,2.17
,,2021 - 2022,37957.18,92410.17,2.43
,,2022 - 2023,44542.46,104153.63,2.34
,28. Solapur,2013 - 2014,35700,35800,1
,,2014 - 2015,42200,54600,1.29
,,2015 - 2016,41300,28800,0.7
,,2016 - 2017,58100,77780,1.34
,,2017 - 2018,68700,81830,1.19
,,2018 - 2019,64300,56900,0.88
,,2019 - 2020,82383,93009,1.13
,,2020 - 2021,86028.52,121511.19,1.41
,,2021 - 2022,88879.6,126400.12,1.42
,,2022 - 2023,84845.01,132188.53,1.56
,29. Thane,2015 - 2016,2,2,1
,,2016 - 2017,1,2,2
,,2017 - 2018,0.5,1,2
,30. Wardha,2013 - 2014,25700,33700,1.31
,,2014 - 2015,13700,19900,1.45
,,2015 - 2016,13200,15600,1.18
,,2016 - 2017,14500,22000,1.52
,,2017 - 2018,14816,21900,1.48
,,2018 - 2019,12750,21700,1.7
,,2019 - 2020,13979,19322,1.38
,,2020 - 2021,15888.04,34245.79,2.16
,,2021 - 2022,15808.8,36380,2.3
,,2022 - 2023,16423.62,27082.55,1.65
,31. Washim,2013 - 2014,30900,50200,1.62
,,2014 - 2015,30900,40800,1.32
,,2015 - 2016,29700,21000,0.71
,,2016 - 2017,33700,54200,1.61
,,2017 - 2018,9900,12500,1.26
,,2018 - 2019,13620,10500,0.77
,,2019 - 2020,34752,45630,1.31
,,2020 - 2021,35972.26,87004.67,2.42
,,2021 - 2022,36795.45,72370.03,1.97
,,2022 - 2023,38654.02,90782.83,2.35
,32. Yavatmal,2013 - 2014,34500,30700,0.89
,,2014 - 2015,29100,26800,0.92
,,2015 - 2016,35600,37600,1.06
,,2016 - 2017,60200,77900,1.29
,,2017 - 2018,12800,13000,1.02
,,2018 - 2019,34613.25,32500,0.94
,,2019 - 2020,45633,55276,1.21
,,2020 - 2021,48889.86,69842.26,1.43
,,2021 - 2022,48889.84,95659.82,1.96
,,2022 - 2023,54634.88,55339.67,1.01
